{
    "total_runtime": 73.11388850212097,
    "num_documents": 2,
    "input_load_time": 0,
    "workflows": {
        "create_base_text_units": {
            "overall": 2.800457000732422,
            "0_orderby": 0.0024590492248535156,
            "1_zip": 0.0015842914581298828,
            "2_aggregate_override": 0.003620147705078125,
            "3_chunk": 2.7811145782470703,
            "4_select": 0.001352071762084961,
            "5_unroll": 0.003319978713989258,
            "6_rename": 0.0005598068237304688,
            "7_genid": 0.000911712646484375,
            "8_unzip": 0.0008738040924072266,
            "9_copy": 0.0003955364227294922,
            "10_filter": 0.003972768783569336
        },
        "create_base_extracted_entities": {
            "overall": 67.88372755050659,
            "0_entity_extract": 67.86487746238708,
            "1_merge_graphs": 0.01855325698852539
        },
        "create_summarized_entities": {
            "overall": 0.1257026195526123,
            "0_summarize_descriptions": 0.12553763389587402
        },
        "create_base_entity_graph": {
            "overall": 0.014175653457641602,
            "0_cluster_graph": 0.013235807418823242,
            "1_select": 0.0007953643798828125
        },
        "create_final_entities": {
            "overall": 0.07655954360961914,
            "0_unpack_graph": 0.0034062862396240234,
            "1_rename": 0.0004837512969970703,
            "2_select": 0.0005905628204345703,
            "3_dedupe": 0.0018651485443115234,
            "4_rename": 0.000446319580078125,
            "5_filter": 0.002291440963745117,
            "6_text_split": 0.0008287429809570312,
            "7_drop": 0.0005214214324951172,
            "8_merge": 0.006130218505859375,
            "9_text_embed": 0.05521798133850098,
            "10_drop": 0.0009522438049316406,
            "11_filter": 0.0035834312438964844
        },
        "create_final_nodes": {
            "overall": 0.03001236915588379,
            "0_layout_graph": 0.009088277816772461,
            "1_unpack_graph": 0.0028924942016601562,
            "2_unpack_graph": 0.0026044845581054688,
            "3_filter": 0.0025649070739746094,
            "4_drop": 0.0008308887481689453,
            "5_select": 0.0007488727569580078,
            "6_rename": 0.0008516311645507812,
            "7_convert": 0.003682374954223633,
            "8_join": 0.005971670150756836,
            "9_rename": 0.0005586147308349609
        },
        "create_final_communities": {
            "overall": 0.034028053283691406,
            "0_unpack_graph": 0.003089427947998047,
            "1_unpack_graph": 0.0029802322387695312,
            "2_aggregate_override": 0.004767656326293945,
            "3_join": 0.004838705062866211,
            "4_join": 0.004005908966064453,
            "5_concat": 0.0007658004760742188,
            "6_filter": 0.003098011016845703,
            "7_aggregate_override": 0.0018544197082519531,
            "8_join": 0.002974271774291992,
            "9_filter": 0.0026047229766845703,
            "10_fill": 0.00060272216796875,
            "11_merge": 0.0010457038879394531,
            "12_copy": 0.0004973411560058594,
            "13_select": 0.0006172657012939453
        },
        "join_text_units_to_entity_ids": {
            "overall": 0.003715991973876953,
            "0_select": 0.0007433891296386719,
            "1_unroll": 0.0012564659118652344,
            "2_aggregate_override": 0.0015714168548583984
        },
        "create_final_relationships": {
            "overall": 0.014238357543945312,
            "0_unpack_graph": 0.0030624866485595703,
            "1_filter": 0.0035309791564941406,
            "2_rename": 0.0007202625274658203,
            "3_filter": 0.0019807815551757812,
            "4_drop": 0.0005679130554199219,
            "5_compute_edge_combined_degree": 0.002591371536254883,
            "6_convert": 0.0007662773132324219,
            "7_convert": 0.0008139610290527344
        },
        "join_text_units_to_relationship_ids": {
            "overall": 0.003711700439453125,
            "0_select": 0.0005724430084228516,
            "1_unroll": 0.0010051727294921875,
            "2_aggregate_override": 0.0013885498046875,
            "3_select": 0.0006005764007568359
        },
        "create_final_community_reports": {
            "overall": 0.04939436912536621,
            "0_prepare_community_reports_nodes": 0.0014514923095703125,
            "1_prepare_community_reports_edges": 0.001245260238647461,
            "2_restore_community_hierarchy": 0.002157449722290039,
            "3_prepare_community_reports": 0.01279759407043457,
            "4_create_community_reports": 0.030628681182861328,
            "5_window": 0.0008299350738525391
        },
        "create_final_text_units": {
            "overall": 0.010515451431274414,
            "0_select": 0.0006401538848876953,
            "1_rename": 0.0006067752838134766,
            "2_join": 0.0033431053161621094,
            "3_join": 0.00308990478515625,
            "4_aggregate_override": 0.00197601318359375,
            "5_select": 0.0005617141723632812
        },
        "create_base_documents": {
            "overall": 0.014461517333984375,
            "0_unroll": 0.0015339851379394531,
            "1_select": 0.0009562969207763672,
            "2_rename": 0.0006070137023925781,
            "3_join": 0.0034172534942626953,
            "4_aggregate_override": 0.0017142295837402344,
            "5_join": 0.00417017936706543,
            "6_rename": 0.0007419586181640625,
            "7_convert": 0.0010712146759033203
        },
        "create_final_documents": {
            "overall": 0.0009675025939941406,
            "0_rename": 0.0007808208465576172
        }
    }
}