{
    "total_runtime": 31.6767418384552,
    "num_documents": 2,
    "input_load_time": 0,
    "workflows": {
        "create_base_text_units": {
            "overall": 0.15221500396728516,
            "0_orderby": 0.0033097267150878906,
            "1_zip": 0.0015246868133544922,
            "2_aggregate_override": 0.0040130615234375,
            "3_chunk": 0.13033485412597656,
            "4_select": 0.0016589164733886719,
            "5_unroll": 0.00400996208190918,
            "6_rename": 0.0006673336029052734,
            "7_genid": 0.0007534027099609375,
            "8_unzip": 0.0010101795196533203,
            "9_copy": 0.0005719661712646484,
            "10_filter": 0.0041048526763916016
        },
        "create_base_extracted_entities": {
            "overall": 16.832239151000977,
            "0_entity_extract": 16.829400062561035,
            "1_merge_graphs": 0.002671480178833008
        },
        "create_summarized_entities": {
            "overall": 0.014872312545776367,
            "0_summarize_descriptions": 0.014739751815795898
        },
        "create_base_entity_graph": {
            "overall": 0.006918668746948242,
            "0_cluster_graph": 0.005983591079711914,
            "1_select": 0.0008020401000976562
        },
        "create_final_entities": {
            "overall": 1.3294217586517334,
            "0_unpack_graph": 0.0008726119995117188,
            "1_rename": 0.000492095947265625,
            "2_select": 0.0005471706390380859,
            "3_dedupe": 0.0005881786346435547,
            "4_rename": 0.00042557716369628906,
            "5_filter": 0.0022783279418945312,
            "6_text_split": 0.0006749629974365234,
            "7_drop": 0.0007886886596679688,
            "8_merge": 0.0009019374847412109,
            "9_text_embed": 1.318561315536499,
            "10_drop": 0.0006783008575439453,
            "11_filter": 0.00240325927734375
        },
        "create_final_nodes": {
            "overall": 0.018707752227783203,
            "0_layout_graph": 0.004444122314453125,
            "1_unpack_graph": 0.0012974739074707031,
            "2_unpack_graph": 0.0009720325469970703,
            "3_filter": 0.0025856494903564453,
            "4_drop": 0.0007474422454833984,
            "5_select": 0.0006468296051025391,
            "6_rename": 0.0006129741668701172,
            "7_convert": 0.0020973682403564453,
            "8_join": 0.004525899887084961,
            "9_rename": 0.0005655288696289062
        },
        "create_final_communities": {
            "overall": 0.02966141700744629,
            "0_unpack_graph": 0.0011625289916992188,
            "1_unpack_graph": 0.0013000965118408203,
            "2_aggregate_override": 0.004506349563598633,
            "3_join": 0.004343509674072266,
            "4_join": 0.0034949779510498047,
            "5_concat": 0.0008606910705566406,
            "6_filter": 0.0031604766845703125,
            "7_aggregate_override": 0.002331256866455078,
            "8_join": 0.003353118896484375,
            "9_filter": 0.0024039745330810547,
            "10_fill": 0.0004162788391113281,
            "11_merge": 0.0009324550628662109,
            "12_copy": 0.0005514621734619141,
            "13_select": 0.0005593299865722656
        },
        "join_text_units_to_entity_ids": {
            "overall": 0.0037145614624023438,
            "0_select": 0.0007050037384033203,
            "1_unroll": 0.001203298568725586,
            "2_aggregate_override": 0.0016269683837890625
        },
        "create_final_relationships": {
            "overall": 0.009377717971801758,
            "0_unpack_graph": 0.0010874271392822266,
            "1_filter": 0.0018732547760009766,
            "2_rename": 0.0004918575286865234,
            "3_filter": 0.0019397735595703125,
            "4_drop": 0.0005052089691162109,
            "5_compute_edge_combined_degree": 0.002106904983520508,
            "6_convert": 0.0006020069122314453,
            "7_convert": 0.0005407333374023438
        },
        "join_text_units_to_relationship_ids": {
            "overall": 0.00400853157043457,
            "0_select": 0.0007433891296386719,
            "1_unroll": 0.0009996891021728516,
            "2_aggregate_override": 0.0013246536254882812,
            "3_select": 0.0008020401000976562
        },
        "create_final_community_reports": {
            "overall": 11.634175539016724,
            "0_prepare_community_reports_nodes": 0.0016024112701416016,
            "1_prepare_community_reports_edges": 0.0011022090911865234,
            "2_restore_community_hierarchy": 0.0022492408752441406,
            "3_prepare_community_reports": 0.009997844696044922,
            "4_create_community_reports": 11.618150472640991,
            "5_window": 0.0008337497711181641
        },
        "create_final_text_units": {
            "overall": 0.011629343032836914,
            "0_select": 0.0007336139678955078,
            "1_rename": 0.0005078315734863281,
            "2_join": 0.003310680389404297,
            "3_join": 0.0032618045806884766,
            "4_aggregate_override": 0.0031402111053466797,
            "5_select": 0.0005052089691162109
        },
        "create_base_documents": {
            "overall": 0.01247549057006836,
            "0_unroll": 0.0012423992156982422,
            "1_select": 0.0005707740783691406,
            "2_rename": 0.0005390644073486328,
            "3_join": 0.002756357192993164,
            "4_aggregate_override": 0.0018389225006103516,
            "5_join": 0.003086090087890625,
            "6_rename": 0.0005021095275878906,
            "7_convert": 0.0017583370208740234
        },
        "create_final_documents": {
            "overall": 0.0011131763458251953,
            "0_rename": 0.0009930133819580078
        }
    }
}