{
    "total_runtime": 240.61588382720947,
    "num_documents": 1,
    "input_load_time": 0,
    "workflows": {
        "create_base_text_units": {
            "overall": 0.16074800491333008,
            "0_orderby": 0.003053903579711914,
            "1_zip": 0.0015439987182617188,
            "2_aggregate_override": 0.0034189224243164062,
            "3_chunk": 0.13814854621887207,
            "4_select": 0.0017402172088623047,
            "5_unroll": 0.003984212875366211,
            "6_rename": 0.0010516643524169922,
            "7_genid": 0.0010459423065185547,
            "8_unzip": 0.0010707378387451172,
            "9_copy": 0.0006716251373291016,
            "10_filter": 0.004729747772216797
        },
        "create_base_extracted_entities": {
            "overall": 204.06256484985352,
            "0_entity_extract": 204.0540840625763,
            "1_merge_graphs": 0.00827336311340332
        },
        "create_summarized_entities": {
            "overall": 17.084062337875366,
            "0_summarize_descriptions": 17.0838885307312
        },
        "create_base_entity_graph": {
            "overall": 0.014495611190795898,
            "0_cluster_graph": 0.013679981231689453,
            "1_select": 0.0006375312805175781
        },
        "create_final_entities": {
            "overall": 1.5244011878967285,
            "0_unpack_graph": 0.002706766128540039,
            "1_rename": 0.0007138252258300781,
            "2_select": 0.0005347728729248047,
            "3_dedupe": 0.0005595684051513672,
            "4_rename": 0.0007264614105224609,
            "5_filter": 0.0026483535766601562,
            "6_text_split": 0.0008428096771240234,
            "7_drop": 0.0007910728454589844,
            "8_merge": 0.006857156753540039,
            "9_text_embed": 1.5042331218719482,
            "10_drop": 0.0010879039764404297,
            "11_filter": 0.002490997314453125
        },
        "create_final_nodes": {
            "overall": 0.03226041793823242,
            "0_layout_graph": 0.010493278503417969,
            "1_unpack_graph": 0.003631114959716797,
            "2_unpack_graph": 0.003002643585205078,
            "3_filter": 0.0027933120727539062,
            "4_drop": 0.0011572837829589844,
            "5_select": 0.000705718994140625,
            "6_rename": 0.0008590221405029297,
            "7_join": 0.0052454471588134766,
            "8_convert": 0.002870798110961914,
            "9_rename": 0.001276254653930664
        },
        "create_final_communities": {
            "overall": 0.04317450523376465,
            "0_unpack_graph": 0.003376007080078125,
            "1_unpack_graph": 0.0029649734497070312,
            "2_aggregate_override": 0.004934549331665039,
            "3_join": 0.00649571418762207,
            "4_join": 0.0038161277770996094,
            "5_concat": 0.0010409355163574219,
            "6_filter": 0.003968715667724609,
            "7_aggregate_override": 0.0027942657470703125,
            "8_join": 0.003924131393432617,
            "9_filter": 0.0037403106689453125,
            "10_fill": 0.0010404586791992188,
            "11_merge": 0.0014545917510986328,
            "12_copy": 0.0015492439270019531,
            "13_select": 0.001809835433959961
        },
        "join_text_units_to_entity_ids": {
            "overall": 0.004596233367919922,
            "0_select": 0.0007276535034179688,
            "1_unroll": 0.0014977455139160156,
            "2_aggregate_override": 0.002120494842529297
        },
        "create_final_relationships": {
            "overall": 0.014483928680419922,
            "0_unpack_graph": 0.0031135082244873047,
            "1_filter": 0.002712249755859375,
            "2_rename": 0.0007967948913574219,
            "3_filter": 0.0024766921997070312,
            "4_drop": 0.0007271766662597656,
            "5_compute_edge_combined_degree": 0.0028421878814697266,
            "6_convert": 0.0007467269897460938,
            "7_convert": 0.0007593631744384766
        },
        "join_text_units_to_relationship_ids": {
            "overall": 0.0040743350982666016,
            "0_select": 0.0005693435668945312,
            "1_unroll": 0.0012483596801757812,
            "2_aggregate_override": 0.001481771469116211,
            "3_select": 0.0006339550018310547
        },
        "create_final_community_reports": {
            "overall": 15.860750198364258,
            "0_prepare_community_reports_nodes": 0.0012328624725341797,
            "1_prepare_community_reports_edges": 0.0012073516845703125,
            "2_restore_community_hierarchy": 0.0025653839111328125,
            "3_prepare_community_reports": 0.010653018951416016,
            "4_create_community_reports": 15.843824625015259,
            "5_window": 0.0010402202606201172
        },
        "create_final_text_units": {
            "overall": 0.011889219284057617,
            "0_select": 0.0008625984191894531,
            "1_rename": 0.0006573200225830078,
            "2_join": 0.0037262439727783203,
            "3_join": 0.003208160400390625,
            "4_aggregate_override": 0.002681732177734375,
            "5_select": 0.0005819797515869141
        },
        "create_base_documents": {
            "overall": 0.012383460998535156,
            "0_unroll": 0.0014693737030029297,
            "1_select": 0.0007259845733642578,
            "2_rename": 0.0006377696990966797,
            "3_join": 0.003213644027709961,
            "4_aggregate_override": 0.0014123916625976562,
            "5_join": 0.0031571388244628906,
            "6_rename": 0.0006399154663085938,
            "7_convert": 0.0008912086486816406
        },
        "create_final_documents": {
            "overall": 0.0011205673217773438,
            "0_rename": 0.0009965896606445312
        }
    }
}