{
    "total_runtime": 70.24984192848206,
    "num_documents": 3,
    "input_load_time": 0,
    "workflows": {
        "create_base_text_units": {
            "overall": 0.15735101699829102,
            "0_orderby": 0.0035605430603027344,
            "1_zip": 0.0013980865478515625,
            "2_aggregate_override": 0.0034766197204589844,
            "3_chunk": 0.1358051300048828,
            "4_select": 0.0017876625061035156,
            "5_unroll": 0.003288745880126953,
            "6_rename": 0.0006721019744873047,
            "7_genid": 0.0010945796966552734,
            "8_unzip": 0.0011470317840576172,
            "9_copy": 0.00041294097900390625,
            "10_filter": 0.004420042037963867
        },
        "create_base_extracted_entities": {
            "overall": 67.87773990631104,
            "0_entity_extract": 67.86974787712097,
            "1_merge_graphs": 0.00783085823059082
        },
        "create_summarized_entities": {
            "overall": 0.1743021011352539,
            "0_summarize_descriptions": 0.17415881156921387
        },
        "create_base_entity_graph": {
            "overall": 0.014137029647827148,
            "0_cluster_graph": 0.012866735458374023,
            "1_select": 0.0011212825775146484
        },
        "create_final_entities": {
            "overall": 0.08102893829345703,
            "0_unpack_graph": 0.002814769744873047,
            "1_rename": 0.0006923675537109375,
            "2_select": 0.0008645057678222656,
            "3_dedupe": 0.002251863479614258,
            "4_rename": 0.0005867481231689453,
            "5_filter": 0.002277374267578125,
            "6_text_split": 0.0011315345764160156,
            "7_drop": 0.0005946159362792969,
            "8_merge": 0.0064013004302978516,
            "9_text_embed": 0.060089111328125,
            "10_drop": 0.0008554458618164062,
            "11_filter": 0.0022356510162353516
        },
        "create_final_nodes": {
            "overall": 0.03220963478088379,
            "0_layout_graph": 0.011555194854736328,
            "1_unpack_graph": 0.0032334327697753906,
            "2_unpack_graph": 0.0030434131622314453,
            "3_drop": 0.0007498264312744141,
            "4_filter": 0.0020897388458251953,
            "5_select": 0.0005390644073486328,
            "6_rename": 0.0004661083221435547,
            "7_join": 0.005815029144287109,
            "8_convert": 0.003755807876586914,
            "9_rename": 0.0007457733154296875
        },
        "create_final_communities": {
            "overall": 0.036847829818725586,
            "0_unpack_graph": 0.0029337406158447266,
            "1_unpack_graph": 0.003091573715209961,
            "2_aggregate_override": 0.005982398986816406,
            "3_join": 0.004660844802856445,
            "4_join": 0.003655672073364258,
            "5_concat": 0.0006318092346191406,
            "6_filter": 0.003877401351928711,
            "7_aggregate_override": 0.0020935535430908203,
            "8_join": 0.003778219223022461,
            "9_filter": 0.003137350082397461,
            "10_fill": 0.00058746337890625,
            "11_merge": 0.0009250640869140625,
            "12_copy": 0.000553131103515625,
            "13_select": 0.0006508827209472656
        },
        "join_text_units_to_entity_ids": {
            "overall": 0.003778696060180664,
            "0_select": 0.0009031295776367188,
            "1_unroll": 0.0013043880462646484,
            "2_aggregate_override": 0.0014204978942871094
        },
        "create_final_relationships": {
            "overall": 0.014196634292602539,
            "0_unpack_graph": 0.0030732154846191406,
            "1_filter": 0.002455472946166992,
            "2_rename": 0.0005414485931396484,
            "3_filter": 0.002067089080810547,
            "4_drop": 0.0006930828094482422,
            "5_compute_edge_combined_degree": 0.0030303001403808594,
            "6_convert": 0.0009293556213378906,
            "7_convert": 0.0011188983917236328
        },
        "join_text_units_to_relationship_ids": {
            "overall": 0.004080295562744141,
            "0_select": 0.0006506443023681641,
            "1_unroll": 0.0011374950408935547,
            "2_aggregate_override": 0.00154876708984375,
            "3_select": 0.0006012916564941406
        },
        "create_final_community_reports": {
            "overall": 0.0515437126159668,
            "0_prepare_community_reports_nodes": 0.0012121200561523438,
            "1_prepare_community_reports_edges": 0.0011749267578125,
            "2_restore_community_hierarchy": 0.0019183158874511719,
            "3_prepare_community_reports": 0.011520862579345703,
            "4_create_community_reports": 0.03449225425720215,
            "5_window": 0.0010113716125488281
        },
        "create_final_text_units": {
            "overall": 0.011154651641845703,
            "0_select": 0.0008256435394287109,
            "1_rename": 0.0005669593811035156,
            "2_join": 0.0033457279205322266,
            "3_join": 0.003404855728149414,
            "4_aggregate_override": 0.0022215843200683594,
            "5_select": 0.0006108283996582031
        },
        "create_base_documents": {
            "overall": 0.013474225997924805,
            "0_unroll": 0.0011875629425048828,
            "1_select": 0.0005488395690917969,
            "2_rename": 0.002157926559448242,
            "3_join": 0.0029213428497314453,
            "4_aggregate_override": 0.001360177993774414,
            "5_join": 0.0032079219818115234,
            "6_rename": 0.0006933212280273438,
            "7_convert": 0.0012161731719970703
        },
        "create_final_documents": {
            "overall": 0.0009751319885253906,
            "0_rename": 0.0008652210235595703
        }
    }
}